onnx/cifar10_eps2_cnn7.onnx,vnnlib/cifar10_eps2_cnn7/cifar10_eps2_cnn7_idx2576_sample0.vnnlib,30
onnx/cifar10_eps2_cnn7.onnx,vnnlib/cifar10_eps2_cnn7/cifar10_eps2_cnn7_idx5913_sample1.vnnlib,30
onnx/cifar10_eps2_cnn7.onnx,vnnlib/cifar10_eps2_cnn7/cifar10_eps2_cnn7_idx5205_sample2.vnnlib,120
onnx/cifar10_eps2_cnn7.onnx,vnnlib/cifar10_eps2_cnn7/cifar10_eps2_cnn7_idx5507_sample3.vnnlib,120
onnx/cifar10_eps2_cnn7.onnx,vnnlib/cifar10_eps2_cnn7/cifar10_eps2_cnn7_idx5700_sample4.vnnlib,550
onnx/cifar10_eps2_cnn7.onnx,vnnlib/cifar10_eps2_cnn7/cifar10_eps2_cnn7_idx6195_sample5.vnnlib,550
onnx/cifar10_eps2_cnn7.onnx,vnnlib/cifar10_eps2_cnn7/cifar10_eps2_cnn7_idx4470_sample6.vnnlib,550
onnx/cifar10_eps2_cnn7.onnx,vnnlib/cifar10_eps2_cnn7/cifar10_eps2_cnn7_idx6005_sample7.vnnlib,550
onnx/cifar10_eps2_cnn7.onnx,vnnlib/cifar10_eps2_cnn7/cifar10_eps2_cnn7_idx1911_sample8.vnnlib,550
onnx/cifar10_eps2_cnn7.onnx,vnnlib/cifar10_eps2_cnn7/cifar10_eps2_cnn7_idx9776_sample9.vnnlib,550
onnx/cifar10_eps2_wide_cnn7.onnx,vnnlib/cifar10_eps2_wide_cnn7/cifar10_eps2_wide_cnn7_idx2085_sample0.vnnlib,30
onnx/cifar10_eps2_wide_cnn7.onnx,vnnlib/cifar10_eps2_wide_cnn7/cifar10_eps2_wide_cnn7_idx4226_sample1.vnnlib,30
onnx/cifar10_eps2_wide_cnn7.onnx,vnnlib/cifar10_eps2_wide_cnn7/cifar10_eps2_wide_cnn7_idx28_sample2.vnnlib,120
onnx/cifar10_eps2_wide_cnn7.onnx,vnnlib/cifar10_eps2_wide_cnn7/cifar10_eps2_wide_cnn7_idx4635_sample3.vnnlib,120
onnx/cifar10_eps2_wide_cnn7.onnx,vnnlib/cifar10_eps2_wide_cnn7/cifar10_eps2_wide_cnn7_idx6587_sample4.vnnlib,550
onnx/cifar10_eps2_wide_cnn7.onnx,vnnlib/cifar10_eps2_wide_cnn7/cifar10_eps2_wide_cnn7_idx3310_sample5.vnnlib,550
onnx/cifar10_eps2_wide_cnn7.onnx,vnnlib/cifar10_eps2_wide_cnn7/cifar10_eps2_wide_cnn7_idx9074_sample6.vnnlib,550
onnx/cifar10_eps2_wide_cnn7.onnx,vnnlib/cifar10_eps2_wide_cnn7/cifar10_eps2_wide_cnn7_idx2558_sample7.vnnlib,550
onnx/cifar10_eps2_wide_cnn7.onnx,vnnlib/cifar10_eps2_wide_cnn7/cifar10_eps2_wide_cnn7_idx8961_sample8.vnnlib,550
onnx/cifar10_eps2_wide_cnn7.onnx,vnnlib/cifar10_eps2_wide_cnn7/cifar10_eps2_wide_cnn7_idx4031_sample9.vnnlib,550
onnx/cifar10_eps8_cnn7.onnx,vnnlib/cifar10_eps8_cnn7/cifar10_eps8_cnn7_idx1112_sample0.vnnlib,30
onnx/cifar10_eps8_cnn7.onnx,vnnlib/cifar10_eps8_cnn7/cifar10_eps8_cnn7_idx3736_sample1.vnnlib,30
onnx/cifar10_eps8_cnn7.onnx,vnnlib/cifar10_eps8_cnn7/cifar10_eps8_cnn7_idx9352_sample2.vnnlib,120
onnx/cifar10_eps8_cnn7.onnx,vnnlib/cifar10_eps8_cnn7/cifar10_eps8_cnn7_idx9566_sample3.vnnlib,120
onnx/cifar10_eps8_cnn7.onnx,vnnlib/cifar10_eps8_cnn7/cifar10_eps8_cnn7_idx1742_sample4.vnnlib,550
onnx/cifar10_eps8_cnn7.onnx,vnnlib/cifar10_eps8_cnn7/cifar10_eps8_cnn7_idx1742_sample5.vnnlib,550
onnx/cifar10_eps8_cnn7.onnx,vnnlib/cifar10_eps8_cnn7/cifar10_eps8_cnn7_idx1742_sample6.vnnlib,550
onnx/cifar10_eps8_cnn7.onnx,vnnlib/cifar10_eps8_cnn7/cifar10_eps8_cnn7_idx8570_sample7.vnnlib,550
onnx/cifar10_eps8_cnn7.onnx,vnnlib/cifar10_eps8_cnn7/cifar10_eps8_cnn7_idx4051_sample8.vnnlib,550
onnx/cifar10_eps8_cnn7.onnx,vnnlib/cifar10_eps8_cnn7/cifar10_eps8_cnn7_idx1247_sample9.vnnlib,550
onnx/cifar10_eps8_wide_cnn7.onnx,vnnlib/cifar10_eps8_wide_cnn7/cifar10_eps8_wide_cnn7_idx9436_sample0.vnnlib,30
onnx/cifar10_eps8_wide_cnn7.onnx,vnnlib/cifar10_eps8_wide_cnn7/cifar10_eps8_wide_cnn7_idx717_sample1.vnnlib,30
onnx/cifar10_eps8_wide_cnn7.onnx,vnnlib/cifar10_eps8_wide_cnn7/cifar10_eps8_wide_cnn7_idx8895_sample2.vnnlib,120
onnx/cifar10_eps8_wide_cnn7.onnx,vnnlib/cifar10_eps8_wide_cnn7/cifar10_eps8_wide_cnn7_idx8231_sample3.vnnlib,120
onnx/cifar10_eps8_wide_cnn7.onnx,vnnlib/cifar10_eps8_wide_cnn7/cifar10_eps8_wide_cnn7_idx6515_sample4.vnnlib,550
onnx/cifar10_eps8_wide_cnn7.onnx,vnnlib/cifar10_eps8_wide_cnn7/cifar10_eps8_wide_cnn7_idx741_sample5.vnnlib,550
onnx/cifar10_eps8_wide_cnn7.onnx,vnnlib/cifar10_eps8_wide_cnn7/cifar10_eps8_wide_cnn7_idx741_sample6.vnnlib,550
onnx/cifar10_eps8_wide_cnn7.onnx,vnnlib/cifar10_eps8_wide_cnn7/cifar10_eps8_wide_cnn7_idx5470_sample7.vnnlib,550
onnx/cifar10_eps8_wide_cnn7.onnx,vnnlib/cifar10_eps8_wide_cnn7/cifar10_eps8_wide_cnn7_idx369_sample8.vnnlib,550
onnx/cifar10_eps8_wide_cnn7.onnx,vnnlib/cifar10_eps8_wide_cnn7/cifar10_eps8_wide_cnn7_idx975_sample9.vnnlib,550
onnx/tinyimagenet_eps1_cnn7.onnx,vnnlib/tinyimagenet_eps1_cnn7/tinyimagenet_eps1_cnn7_idx5844_sample0.vnnlib,30
onnx/tinyimagenet_eps1_cnn7.onnx,vnnlib/tinyimagenet_eps1_cnn7/tinyimagenet_eps1_cnn7_idx7465_sample1.vnnlib,30
onnx/tinyimagenet_eps1_cnn7.onnx,vnnlib/tinyimagenet_eps1_cnn7/tinyimagenet_eps1_cnn7_idx87_sample2.vnnlib,120
onnx/tinyimagenet_eps1_cnn7.onnx,vnnlib/tinyimagenet_eps1_cnn7/tinyimagenet_eps1_cnn7_idx1038_sample3.vnnlib,120
onnx/tinyimagenet_eps1_cnn7.onnx,vnnlib/tinyimagenet_eps1_cnn7/tinyimagenet_eps1_cnn7_idx7018_sample4.vnnlib,550
onnx/tinyimagenet_eps1_cnn7.onnx,vnnlib/tinyimagenet_eps1_cnn7/tinyimagenet_eps1_cnn7_idx306_sample5.vnnlib,550
onnx/tinyimagenet_eps1_cnn7.onnx,vnnlib/tinyimagenet_eps1_cnn7/tinyimagenet_eps1_cnn7_idx349_sample6.vnnlib,550
onnx/tinyimagenet_eps1_cnn7.onnx,vnnlib/tinyimagenet_eps1_cnn7/tinyimagenet_eps1_cnn7_idx3808_sample7.vnnlib,550
onnx/tinyimagenet_eps1_cnn7.onnx,vnnlib/tinyimagenet_eps1_cnn7/tinyimagenet_eps1_cnn7_idx7644_sample8.vnnlib,550
onnx/tinyimagenet_eps1_cnn7.onnx,vnnlib/tinyimagenet_eps1_cnn7/tinyimagenet_eps1_cnn7_idx2949_sample9.vnnlib,550
onnx/tinyimagenet_eps1_wide_cnn7.onnx,vnnlib/tinyimagenet_eps1_wide_cnn7/tinyimagenet_eps1_wide_cnn7_idx9110_sample0.vnnlib,30
onnx/tinyimagenet_eps1_wide_cnn7.onnx,vnnlib/tinyimagenet_eps1_wide_cnn7/tinyimagenet_eps1_wide_cnn7_idx9255_sample1.vnnlib,30
onnx/tinyimagenet_eps1_wide_cnn7.onnx,vnnlib/tinyimagenet_eps1_wide_cnn7/tinyimagenet_eps1_wide_cnn7_idx0_sample2.vnnlib,120
onnx/tinyimagenet_eps1_wide_cnn7.onnx,vnnlib/tinyimagenet_eps1_wide_cnn7/tinyimagenet_eps1_wide_cnn7_idx5613_sample3.vnnlib,120
onnx/tinyimagenet_eps1_wide_cnn7.onnx,vnnlib/tinyimagenet_eps1_wide_cnn7/tinyimagenet_eps1_wide_cnn7_idx7170_sample4.vnnlib,550
onnx/tinyimagenet_eps1_wide_cnn7.onnx,vnnlib/tinyimagenet_eps1_wide_cnn7/tinyimagenet_eps1_wide_cnn7_idx3993_sample5.vnnlib,550
onnx/tinyimagenet_eps1_wide_cnn7.onnx,vnnlib/tinyimagenet_eps1_wide_cnn7/tinyimagenet_eps1_wide_cnn7_idx4455_sample6.vnnlib,550
onnx/tinyimagenet_eps1_wide_cnn7.onnx,vnnlib/tinyimagenet_eps1_wide_cnn7/tinyimagenet_eps1_wide_cnn7_idx8631_sample7.vnnlib,550
onnx/tinyimagenet_eps1_wide_cnn7.onnx,vnnlib/tinyimagenet_eps1_wide_cnn7/tinyimagenet_eps1_wide_cnn7_idx8792_sample8.vnnlib,550
onnx/tinyimagenet_eps1_wide_cnn7.onnx,vnnlib/tinyimagenet_eps1_wide_cnn7/tinyimagenet_eps1_wide_cnn7_idx8076_sample9.vnnlib,550
